{"cameraMode":{"drawMode":2,"name":"Shaded Wireframe","section":"Shading Mode"},"sceneLighting":true,"audioPlay":false,"sceneViewState":{"showFog":true,"showMaterialUpdate":false,"showSkybox":true,"showFlares":true,"showImageEffects":true,"showParticleSystems":true},"in2DMode":false,"pivot":{"x":-0.8500000238418579,"y":10.289999961853028,"z":1.2516705989837647},"rotation":{"x":-0.14941759407520295,"y":0.6867822408676148,"z":-0.14745962619781495,"w":-0.6958969235420227},"size":8.272651672363282,"orthographic":false}