{"cameraMode":{"drawMode":0,"name":"Shaded","section":"Shading Mode"},"sceneLighting":true,"audioPlay":false,"sceneViewState":{"showFog":true,"showMaterialUpdate":false,"showSkybox":true,"showFlares":true,"showImageEffects":true,"showParticleSystems":true},"in2DMode":false,"pivot":{"x":134.35699462890626,"y":-55.09809494018555,"z":233.83279418945313},"rotation":{"x":-0.0021774761844426395,"y":0.8714516758918762,"z":0.003936427179723978,"w":0.4905411899089813},"size":97.4278335571289,"orthographic":false}