{"cameraMode":{"drawMode":0,"name":"Shaded","section":"Shading Mode"},"sceneLighting":true,"audioPlay":false,"sceneViewState":{"showFog":true,"showMaterialUpdate":false,"showSkybox":true,"showFlares":true,"showImageEffects":true,"showParticleSystems":true},"in2DMode":false,"pivot":{"x":0.7950413823127747,"y":4.615489959716797,"z":0.9171285629272461},"rotation":{"x":-0.3051340878009796,"y":-0.11194659769535065,"z":0.03613481670618057,"w":-0.9450469017028809},"size":9.401017189025879,"orthographic":false}