{"cameraMode":{"drawMode":0,"name":"Shaded","section":"Shading Mode"},"sceneLighting":true,"audioPlay":false,"sceneViewState":{"showFog":true,"showMaterialUpdate":false,"showSkybox":true,"showFlares":true,"showImageEffects":true,"showParticleSystems":true},"in2DMode":false,"pivot":{"x":-1.4299936294555665,"y":-28.52001190185547,"z":26.000003814697267},"rotation":{"x":-0.2849220335483551,"y":0.00786585733294487,"z":-0.003043754957616329,"w":-0.9586607217788696},"size":24.638357162475587,"orthographic":false}