{"cameraMode":{"drawMode":0,"name":"Shaded","section":"Shading Mode"},"sceneLighting":true,"audioPlay":false,"sceneViewState":{"showFog":true,"showMaterialUpdate":false,"showSkybox":true,"showFlares":true,"showImageEffects":true,"showParticleSystems":true},"in2DMode":false,"pivot":{"x":-55.2750358581543,"y":-22.98346710205078,"z":31.085765838623048},"rotation":{"x":0.2234194576740265,"y":-0.20152311027050019,"z":0.04726996272802353,"w":0.952490508556366},"size":14.211492538452149,"orthographic":false}