{"cameraMode":{"drawMode":0,"name":"Shaded","section":"Shading Mode"},"sceneLighting":true,"audioPlay":false,"sceneViewState":{"showFog":true,"showMaterialUpdate":false,"showSkybox":true,"showFlares":true,"showImageEffects":true,"showParticleSystems":true},"in2DMode":false,"pivot":{"x":35.10381317138672,"y":-28.722614288330079,"z":60.37230682373047},"rotation":{"x":-0.16329234838485719,"y":-0.06713926047086716,"z":0.01106663141399622,"w":-0.9842822551727295},"size":17.830970764160158,"orthographic":false}