{"cameraMode":{"drawMode":0,"name":"Shaded","section":"Shading Mode"},"sceneLighting":true,"audioPlay":false,"sceneViewState":{"showFog":true,"showMaterialUpdate":false,"showSkybox":true,"showFlares":true,"showImageEffects":true,"showParticleSystems":true},"in2DMode":false,"pivot":{"x":-0.3314039707183838,"y":-14.498425483703614,"z":46.16470718383789},"rotation":{"x":-0.23272299766540528,"y":0.08773206174373627,"z":-0.02092617005109787,"w":-0.9684938192367554},"size":3.5375585556030275,"orthographic":false}