{"cameraMode":{"drawMode":0,"name":"Shaded","section":"Shading Mode"},"sceneLighting":true,"audioPlay":false,"sceneViewState":{"showFog":true,"showMaterialUpdate":false,"showSkybox":true,"showFlares":true,"showImageEffects":true,"showParticleSystems":true},"in2DMode":false,"pivot":{"x":1.5749576091766358,"y":-24.668621063232423,"z":75.03750610351563},"rotation":{"x":0.18694844841957093,"y":0.05890318751335144,"z":-0.011230393312871457,"w":0.9805376529693604},"size":18.569482803344728,"orthographic":false}