{"cameraMode":{"drawMode":0,"name":"Shaded","section":"Shading Mode"},"sceneLighting":true,"audioPlay":false,"sceneViewState":{"showFog":true,"showMaterialUpdate":false,"showSkybox":true,"showFlares":true,"showImageEffects":true,"showParticleSystems":true},"in2DMode":false,"pivot":{"x":-4.892521858215332,"y":7.615095138549805,"z":39.83038330078125},"rotation":{"x":-0.17340964078903199,"y":0.018333088606595994,"z":-0.0031484118662774565,"w":-0.984731137752533},"size":24.167016983032228,"orthographic":false}