{"cameraMode":{"drawMode":0,"name":"Shaded","section":"Shading Mode"},"sceneLighting":false,"audioPlay":false,"sceneViewState":{"showFog":true,"showMaterialUpdate":false,"showSkybox":false,"showFlares":true,"showImageEffects":true,"showParticleSystems":true},"in2DMode":false,"pivot":{"x":-56.81660079956055,"y":-18.88668441772461,"z":53.15999984741211},"rotation":{"x":0.2839113771915436,"y":-0.030182508751749994,"z":0.008951719850301743,"w":0.9584042429924011},"size":1.5309385061264039,"orthographic":false}